SurveyID,EmployeeID,SatisfactionScore,Comments,SurveyDate
1,1,2,Perform large top artist compare.,2025-05-11
2,2,4,Federal message computer writer.,2025-05-11
3,3,1,Dinner possible campaign process cell hair.,2025-05-11
4,4,2,Leader family physical range room provide.,2025-05-11
5,5,2,Road laugh wife forget.,2025-05-11
6,6,9,Can goal center customer.,2025-05-11
7,7,2,Matter recent help reach our significant eye.,2025-05-11
8,8,5,Culture set positive interest goal person letter against.,2025-05-11
9,9,7,Positive certain customer player.,2025-05-11
10,10,3,Meeting whatever not ready nice.,2025-05-11
11,11,2,Hit those the car campaign behavior hope.,2025-05-11
12,12,9,Six money course home piece half.,2025-05-11
13,13,7,Realize service degree sometimes subject before quality question.,2025-05-11
14,14,8,Fish minute good fact science wife trip.,2025-05-11
15,15,6,Accept course seven per ahead that color.,2025-05-11
16,16,4,They style foreign heavy real former.,2025-05-11
17,17,5,Individual it about political.,2025-05-11
18,18,5,Letter note what loss future lay leg.,2025-05-11
19,19,2,Environment high how economy usually off feel woman.,2025-05-11
20,20,6,However game market reveal apply simply.,2025-05-11
21,21,8,Without notice appear mouth ready.,2025-05-11
22,22,4,Instead top civil memory dog relationship today.,2025-05-11
23,23,7,Cost performance nice group.,2025-05-11
24,24,1,Fear well couple simply.,2025-05-11
25,25,1,Operation time how score poor.,2025-05-11
26,26,9,Dream politics open family.,2025-05-11
27,27,7,Teach gun project state page worry traditional.,2025-05-11
28,28,4,Pretty agree mean manage member ability whether.,2025-05-11
29,29,7,Piece vote several maintain.,2025-05-11
30,30,6,Wear grow imagine stock.,2025-05-11
31,31,6,Cost here baby argue leg environmental another future.,2025-05-11
32,32,9,Writer choose heavy team here difficult.,2025-05-11
33,33,5,Bar total step cause improve energy choose.,2025-05-11
34,34,4,Market name chair know plan themselves.,2025-05-11
35,35,1,Low leader opportunity region hope family.,2025-05-11
36,36,3,Certainly become top break dinner.,2025-05-11
37,37,1,Language visit bed suggest father example friend.,2025-05-11
38,38,8,On share staff minute process measure enough.,2025-05-11
39,39,7,Player industry everybody room wish.,2025-05-11
40,40,8,Yet since finally degree return wall specific career.,2025-05-11
41,41,3,Trip worry product finally main better.,2025-05-11
42,42,4,Difficult talk open season state.,2025-05-11
43,43,6,Table yard then agree thank bill.,2025-05-11
44,44,2,Require various the address sign cost do TV.,2025-05-11
45,45,4,Reason goal pick so bed social per.,2025-05-11
46,46,3,Field north camera against nice movement under already.,2025-05-11
47,47,9,Woman spend actually ready son which.,2025-05-11
48,48,3,According security possible.,2025-05-11
49,49,10,Recognize unit whole pretty same.,2025-05-11
50,50,1,Board more player new decide.,2025-05-11
51,51,5,Very official majority on memory.,2025-05-11
52,52,3,Minute see bed.,2025-05-11
53,53,6,Lay training he expect source.,2025-05-11
54,54,5,Generation down view serious.,2025-05-11
55,55,6,Be trouble able crime need music property color.,2025-05-11
56,56,9,Start shake recognize she PM open foot.,2025-05-11
57,57,6,Positive camera kind everybody option on.,2025-05-11
58,58,8,Most sea itself direction toward.,2025-05-11
59,59,1,Husband left figure energy possible tax.,2025-05-11
60,60,3,Dream your role.,2025-05-11
61,61,4,Beyond clear during treat color.,2025-05-11
62,62,7,Address perform between bar may nature case.,2025-05-11
63,63,5,Sound any fill general.,2025-05-11
64,64,7,Money so wear cell difference.,2025-05-11
65,65,4,Detail close experience.,2025-05-11
66,66,6,Fear bed newspaper special.,2025-05-11
67,67,5,Something accept know wonder page newspaper.,2025-05-11
68,68,3,Help travel collection painting performance this top.,2025-05-11
69,69,10,Contain weight each its.,2025-05-11
70,70,3,Paper line indeed without physical best.,2025-05-11
71,71,4,Positive expert property information.,2025-05-11
72,72,9,Suddenly tonight attack environment.,2025-05-11
73,73,4,Stage piece understand education market allow.,2025-05-11
74,74,10,Although mouth sea.,2025-05-11
75,75,10,Think entire wife case suffer.,2025-05-11
76,76,5,Teach small land religious rule part.,2025-05-11
77,77,4,Law then black hour million.,2025-05-11
78,78,8,Girl available art response so memory event nice.,2025-05-11
79,79,3,Although here decade beyond idea.,2025-05-11
80,80,1,Head she page first town class.,2025-05-11
81,81,9,Leg likely bag they either TV often.,2025-05-11
82,82,6,Form race responsibility teach need.,2025-05-11
83,83,2,Simple close attack allow appear get plant.,2025-05-11
84,84,6,Thousand yourself indicate think cup alone hear.,2025-05-11
85,85,6,Out several member recently high step instead security.,2025-05-11
86,86,8,Rise of work go character him other.,2025-05-11
87,87,1,And this picture assume cut.,2025-05-11
88,88,5,These safe training.,2025-05-11
89,89,6,Somebody tree miss win small.,2025-05-11
90,90,3,These someone class serious here wear.,2025-05-11
91,91,3,Situation case return general send.,2025-05-11
92,92,10,Officer buy he and move war.,2025-05-11
93,93,5,Dinner tonight two of you a usually.,2025-05-11
94,94,4,Section care friend.,2025-05-11
95,95,8,Green leave medical staff course.,2025-05-11
96,96,3,Candidate whose daughter north.,2025-05-11
97,97,7,School space process at approach space very.,2025-05-11
98,98,5,Catch again off exactly each.,2025-05-11
99,99,7,Local issue event reality full father.,2025-05-11
100,100,4,Performance government call defense.,2025-05-11
101,101,5,Hard question ability her.,2025-05-11
102,102,9,Admit environmental group opportunity look price.,2025-05-11
103,103,7,Eight easy hot professional glass others.,2025-05-11
104,104,6,Tough table face traditional.,2025-05-11
105,105,1,Education race already process tax office.,2025-05-11
106,106,5,A stop one future local hold.,2025-05-11
107,107,7,Reason factor baby effort democratic.,2025-05-11
108,108,4,Early subject mean.,2025-05-11
109,109,6,Career too protect someone pretty social.,2025-05-11
110,110,5,Agency price national instead base young girl.,2025-05-11
111,111,6,Other eye factor good.,2025-05-11
112,112,6,Personal develop decade culture bill return.,2025-05-11
113,113,1,Become smile still fight pattern.,2025-05-11
114,114,3,Since program any fear there left until.,2025-05-11
115,115,3,Fine budget white.,2025-05-11
116,116,3,Play nearly kitchen choose prove same.,2025-05-11
117,117,1,Audience apply only discussion success sound case.,2025-05-11
118,118,5,Sister member site career anyone.,2025-05-11
119,119,6,Financial he central single answer.,2025-05-11
120,120,7,Professor challenge hard admit.,2025-05-11
121,121,10,Agree laugh health central sort.,2025-05-11
122,122,7,Hospital rate office upon.,2025-05-11
123,123,5,Improve individual push list.,2025-05-11
124,124,6,Democrat board source hit question practice.,2025-05-11
125,125,7,Candidate on political purpose value federal stage guy.,2025-05-11
126,126,9,Seem security occur performance try since social easy.,2025-05-11
127,127,10,Report soldier seem low what write.,2025-05-11
128,128,4,Cultural per hit detail write everything.,2025-05-11
129,129,2,Small discover voice agree thank lawyer together.,2025-05-11
130,130,4,Evidence bill hotel alone spring.,2025-05-11
131,131,10,Measure goal use south research like sort.,2025-05-11
132,132,4,Probably move bad tough pressure.,2025-05-11
133,133,9,Loss mother political hospital wear.,2025-05-11
134,134,5,Red everyone public poor.,2025-05-11
135,135,8,Including read station visit billion.,2025-05-11
136,136,9,Some during change remain money modern mind.,2025-05-11
137,137,10,Wonder total accept read red about wish the.,2025-05-11
138,138,5,Policy hundred clear third.,2025-05-11
139,139,4,Speech white local early.,2025-05-11
140,140,6,Customer save customer.,2025-05-11
141,141,4,Skin power man tough accept.,2025-05-11
142,142,3,Account team score doctor world.,2025-05-11
143,143,5,Quality gas such policy accept wear process.,2025-05-11
144,144,2,Before medical draw first.,2025-05-11
145,145,3,Detail like author seven gas bring dream.,2025-05-11
146,146,3,Type different you who generation result effort.,2025-05-11
147,147,8,Year population wish.,2025-05-11
148,148,2,Maybe politics eat ball important whole rich.,2025-05-11
149,149,4,Former agree speech arm discuss dinner economy.,2025-05-11
150,150,6,Allow explain hand cold happy short.,2025-05-11
151,151,3,Light anything which.,2025-05-11
152,152,2,Remember down here cold Democrat skin surface.,2025-05-11
153,153,6,Reflect worry entire.,2025-05-11
154,154,6,Family phone up write.,2025-05-11
155,155,3,President why avoid ask threat stay gas.,2025-05-11
156,156,10,Officer century tough result.,2025-05-11
157,157,10,Democratic center party sit respond.,2025-05-11
158,158,9,Eat film seek fine close door same.,2025-05-11
159,159,8,Recognize store job cause there.,2025-05-11
160,160,10,Operation particular debate there method.,2025-05-11
161,161,4,Son rise money manager information whose approach.,2025-05-11
162,162,3,Child Congress former figure.,2025-05-11
163,163,7,Travel phone sign wait.,2025-05-11
164,164,6,Floor could best particularly thing.,2025-05-11
165,165,10,Miss report level fall cause building.,2025-05-11
166,166,10,Which own later feeling none teach short among.,2025-05-11
167,167,2,For give pressure mention.,2025-05-11
168,168,8,Ever strong last challenge decade place.,2025-05-11
169,169,2,Receive hotel prepare light seek.,2025-05-11
170,170,4,Interest record stay seem effect.,2025-05-11
171,171,9,Well go whatever spring artist film treat.,2025-05-11
172,172,2,Art American side after activity then write.,2025-05-11
173,173,4,Either leave receive.,2025-05-11
174,174,9,Wall people tree social election usually his.,2025-05-11
175,175,10,Customer leave make trouble possible.,2025-05-11
176,176,1,Assume accept develop wide.,2025-05-11
177,177,2,Inside impact respond term.,2025-05-11
178,178,4,Pull deal crime leg wide present.,2025-05-11
179,179,9,Put five keep prepare.,2025-05-11
180,180,3,Mention open democratic including.,2025-05-11
181,181,5,Dark develop simply network as analysis above.,2025-05-11
182,182,5,What top partner more involve president speak.,2025-05-11
183,183,10,Improve know campaign common.,2025-05-11
184,184,10,Deal significant lawyer set tend produce.,2025-05-11
185,185,6,Interest blue throughout.,2025-05-11
186,186,9,Military clear cultural pass those.,2025-05-11
187,187,5,East reach type particular ball way.,2025-05-11
188,188,8,Require democratic speak man lot child.,2025-05-11
189,189,3,Left major life notice assume.,2025-05-11
190,190,3,Address who law everybody final skin once public.,2025-05-11
191,191,10,Drug middle plant defense individual clear similar.,2025-05-11
192,192,8,Action song full nice.,2025-05-11
193,193,4,Challenge before you subject east man fall.,2025-05-11
194,194,9,Avoid side ask long money.,2025-05-11
195,195,6,Use recent sense support color.,2025-05-11
196,196,2,Push adult leg south.,2025-05-11
197,197,9,Issue impact car concern first role security tree.,2025-05-11
198,198,3,State herself loss over himself bad debate test.,2025-05-11
199,199,3,Wall stay order there very.,2025-05-11
200,200,1,Key accept enjoy use.,2025-05-11
201,201,8,Offer herself agency friend.,2025-05-11
202,202,9,Race former cover heart daughter food dream.,2025-05-11
203,203,3,Keep animal little according speak.,2025-05-11
204,204,4,Gas resource decade charge myself fear.,2025-05-11
205,205,2,Compare degree guess bag country require condition.,2025-05-11
206,206,5,Hair garden choose daughter picture.,2025-05-11
207,207,6,Physical from enjoy she TV.,2025-05-11
208,208,4,Response born choice star full.,2025-05-11
209,209,9,Suffer significant describe question.,2025-05-11
210,210,8,Itself they mission star both rule.,2025-05-11
211,211,5,Bed myself six player figure consider.,2025-05-11
212,212,7,Rich together guy hear understand than market.,2025-05-11
213,213,9,Cut suffer program measure right.,2025-05-11
214,214,7,Player media area.,2025-05-11
215,215,2,Group decade back over its lay.,2025-05-11
216,216,5,Of although fact expect attorney.,2025-05-11
217,217,1,Whom such Democrat less reflect oil.,2025-05-11
218,218,3,Unit recent actually compare check theory.,2025-05-11
219,219,7,Hold skill seek catch try road probably.,2025-05-11
220,220,7,Throw Congress medical heart.,2025-05-11
221,221,9,Rise indicate would community girl them size.,2025-05-11
222,222,6,Western born find road interest coach.,2025-05-11
223,223,1,Medical rest beautiful strong such.,2025-05-11
224,224,1,Security also quality left establish around.,2025-05-11
225,225,8,Accept pressure than current.,2025-05-11
226,226,4,Own thought doctor mother however somebody.,2025-05-11
227,227,5,Call south piece.,2025-05-11
228,228,6,Contain religious message inside apply young attack property.,2025-05-11
229,229,7,Deal quite take article though.,2025-05-11
230,230,6,Turn owner kitchen performance enjoy.,2025-05-11
231,231,4,Edge act vote church room.,2025-05-11
232,232,5,Between effort pull go look.,2025-05-11
233,233,4,Direction level matter.,2025-05-11
234,234,5,Site force entire move body score little.,2025-05-11
235,235,5,Peace week we tax before design.,2025-05-11
236,236,1,Herself follow interview community authority.,2025-05-11
237,237,7,High PM too community safe month nor whatever.,2025-05-11
238,238,3,Different thank pattern poor doctor office.,2025-05-11
239,239,6,Stock she late include green police.,2025-05-11
240,240,3,Join especially city service real ever remain interesting.,2025-05-11
241,241,9,Imagine suddenly pull ok prevent especially.,2025-05-11
242,242,6,Environmental other election sound onto month.,2025-05-11
243,243,3,Defense him top impact however give likely onto.,2025-05-11
244,244,3,Interest phone food chance ask effort.,2025-05-11
245,245,9,Throw because science push great political.,2025-05-11
246,246,9,Official statement government forward.,2025-05-11
247,247,3,Need tend talk character national management.,2025-05-11
248,248,7,Shake right major.,2025-05-11
249,249,10,Claim treatment book suggest.,2025-05-11
250,250,8,Table plant energy.,2025-05-11
251,251,9,Deal right dream easy stand.,2025-05-11
252,252,8,Other surface popular all car bit.,2025-05-11
253,253,3,After in success road stuff near.,2025-05-11
254,254,6,Structure have much can four for realize.,2025-05-11
255,255,8,Point establish student value word responsibility window.,2025-05-11
256,256,1,Whether themselves happen stock song carry.,2025-05-11
257,257,4,Moment voice become country play student big writer.,2025-05-11
258,258,4,Best still source represent science such open.,2025-05-11
259,259,1,Win college whose collection water off.,2025-05-11
260,260,1,Head identify fight.,2025-05-11
261,261,4,Do suddenly behavior investment fly there speech leave.,2025-05-11
262,262,1,Fly mind play cell should.,2025-05-11
263,263,9,Sport item name result establish production.,2025-05-11
264,264,10,Control perhaps successful hair.,2025-05-11
265,265,7,System himself white appear imagine interesting.,2025-05-11
266,266,6,Pretty word experience age type.,2025-05-11
267,267,7,Green more road education painting trade.,2025-05-11
268,268,10,Color for campaign on stuff.,2025-05-11
269,269,7,Head sound perform its final name part.,2025-05-11
270,270,9,Usually north police.,2025-05-11
271,271,5,Agency enough arrive wish clearly eat air.,2025-05-11
272,272,10,Happen society training husband star institution give.,2025-05-11
273,273,8,Ahead eye upon black three.,2025-05-11
274,274,3,Event wall room important model admit consider.,2025-05-11
275,275,4,Exactly speak high color type.,2025-05-11
276,276,7,Yet air write see thing boy.,2025-05-11
277,277,4,Close source help development.,2025-05-11
278,278,7,Someone pretty use security.,2025-05-11
279,279,6,Worker happen physical.,2025-05-11
280,280,4,Everyone meeting everybody million determine next fine.,2025-05-11
281,281,1,Lead quality coach offer at before consumer.,2025-05-11
282,282,2,Threat these week stuff lose fine crime.,2025-05-11
283,283,6,Prevent wall will talk score.,2025-05-11
284,284,4,Claim day assume new.,2025-05-11
285,285,9,Just act amount person purpose run.,2025-05-11
286,286,5,Particular claim near bar choice.,2025-05-11
287,287,9,It debate state hot issue southern.,2025-05-11
288,288,7,Alone paper style believe friend.,2025-05-11
289,289,6,Enjoy whole late audience either medical stock.,2025-05-11
290,290,7,Final perform more despite establish my.,2025-05-11
291,291,9,Sense budget draw party.,2025-05-11
292,292,6,Eye cell level gas defense occur.,2025-05-11
293,293,1,Leave check small avoid help.,2025-05-11
294,294,1,Team form simply issue.,2025-05-11
295,295,7,Ago chance Republican direction another.,2025-05-11
296,296,6,Her study miss water measure dinner.,2025-05-11
297,297,4,Billion close recognize best.,2025-05-11
298,298,8,Chair professional establish so large different.,2025-05-11
299,299,7,Create individual with.,2025-05-11
300,300,6,Kind occur bit power boy.,2025-05-11
301,301,6,The skill you.,2025-05-11
302,302,4,Budget wife company contain.,2025-05-11
303,303,7,At become west close image line.,2025-05-11
304,304,6,Party along bag it practice.,2025-05-11
305,305,6,Nothing structure top south in.,2025-05-11
306,306,2,Day admit Congress.,2025-05-11
307,307,10,Morning law mother girl.,2025-05-11
308,308,1,Week accept own there education two without.,2025-05-11
309,309,1,Return style better camera commercial.,2025-05-11
310,310,2,Learn front rate sport.,2025-05-11
311,311,6,Life tonight different body dream too husband.,2025-05-11
312,312,9,Offer grow billion various race make.,2025-05-11
313,313,6,Thus travel already expect leader fast nice.,2025-05-11
314,314,4,Respond especially happen tough newspaper.,2025-05-11
315,315,1,Mission beyond science sometimes.,2025-05-11
316,316,2,Others generation represent up let.,2025-05-11
317,317,8,Dream charge popular myself.,2025-05-11
318,318,8,Dog some house.,2025-05-11
319,319,5,However lawyer education summer natural.,2025-05-11
320,320,4,Direction make look yard night.,2025-05-11
321,321,6,Rise yourself miss plant.,2025-05-11
322,322,7,Physical paper station but section wall.,2025-05-11
323,323,3,Practice yourself fly fear performance.,2025-05-11
324,324,3,Too voice if street must strategy drug.,2025-05-11
325,325,3,While response guess necessary act.,2025-05-11
326,326,1,Wall party enjoy budget information let case.,2025-05-11
327,327,6,Think such wide easy including ground church.,2025-05-11
328,328,7,Total hit suggest down effect.,2025-05-11
329,329,9,Tell thought his finish scientist three.,2025-05-11
330,330,4,Maintain stage develop blood meet get south.,2025-05-11
331,331,2,Some product admit view yet food fish.,2025-05-11
332,332,8,Federal magazine win ask hard organization.,2025-05-11
333,333,8,Green both month right avoid commercial.,2025-05-11
334,334,3,Page authority read research east small.,2025-05-11
335,335,4,Claim read these own establish oil instead keep.,2025-05-11
336,336,4,Ask able with bar.,2025-05-11
337,337,10,Rich paper act member southern assume drug.,2025-05-11
338,338,1,Everyone by TV have individual clearly best.,2025-05-11
339,339,5,Service even production nice.,2025-05-11
340,340,2,Could first want many likely ten range.,2025-05-11
341,341,2,Including difficult article nature low.,2025-05-11
342,342,6,Able threat employee.,2025-05-11
343,343,4,Agreement teacher address do game.,2025-05-11
344,344,10,Either for candidate continue rate month along sea.,2025-05-11
345,345,5,Science left those onto let above born summer.,2025-05-11
346,346,10,Already most someone quickly Republican around defense whether.,2025-05-11
347,347,3,Respond people month record.,2025-05-11
348,348,3,Against drop collection car.,2025-05-11
349,349,4,Surface case none open discover.,2025-05-11
350,350,2,City will assume artist relate including but consider.,2025-05-11
351,351,1,Team per responsibility add mind each player.,2025-05-11
352,352,2,Carry material bad perform several relationship foreign.,2025-05-11
353,353,1,Act example site well including.,2025-05-11
354,354,6,Outside story instead hold city.,2025-05-11
355,355,3,Top prepare recognize explain when almost.,2025-05-11
356,356,7,Just run today purpose part event.,2025-05-11
357,357,10,Analysis realize parent notice benefit serve would.,2025-05-11
358,358,9,Report toward run more.,2025-05-11
359,359,10,Hospital clearly risk enter finally lay have.,2025-05-11
360,360,3,Some assume tax possible per.,2025-05-11
361,361,4,Rule popular its.,2025-05-11
362,362,6,Plant yourself total standard.,2025-05-11
363,363,7,Affect become about memory we whatever.,2025-05-11
364,364,9,Option agency require.,2025-05-11
365,365,9,House oil believe against nature true.,2025-05-11
366,366,4,Likely detail once focus reveal.,2025-05-11
367,367,6,Civil drug assume south experience surface rule.,2025-05-11
368,368,8,Development reality with most enjoy.,2025-05-11
369,369,3,Clear through carry position.,2025-05-11
370,370,1,Inside story prevent time.,2025-05-11
371,371,1,Commercial best around serve politics pull within.,2025-05-11
372,372,4,Fear push everything action impact guess poor.,2025-05-11
373,373,4,Building cup within poor.,2025-05-11
374,374,9,Build others home yourself approach read provide.,2025-05-11
375,375,9,Character generation model design then should nation.,2025-05-11
376,376,9,Later look decade.,2025-05-11
377,377,4,Rest benefit short ahead theory Mr none.,2025-05-11
378,378,1,Them necessary seat.,2025-05-11
379,379,2,Material again list unit public include let.,2025-05-11
380,380,5,Enjoy else minute.,2025-05-11
381,381,5,Himself themselves store ahead safe imagine break.,2025-05-11
382,382,9,Usually thought lead practice body structure.,2025-05-11
383,383,4,Boy rate respond ask billion out interview.,2025-05-11
384,384,3,Instead voice class increase.,2025-05-11
385,385,1,Then here student.,2025-05-11
386,386,3,Politics tax color culture whole wonder study.,2025-05-11
387,387,3,So drug her population add strong next.,2025-05-11
388,388,4,History ground usually bank figure decade compare.,2025-05-11
389,389,6,Throughout office indeed agreement campaign table energy trial.,2025-05-11
390,390,9,Election degree third player tend majority.,2025-05-11
391,391,10,Say traditional peace source.,2025-05-11
392,392,1,Upon or south a myself very.,2025-05-11
393,393,10,First cover parent.,2025-05-11
394,394,6,Upon anything right look start for.,2025-05-11
395,395,4,Authority beautiful performance.,2025-05-11
396,396,10,Hit force speech work never look.,2025-05-11
397,397,10,Firm risk project room treat.,2025-05-11
398,398,1,Make pull dinner central prepare.,2025-05-11
399,399,9,Different wonder tree theory open care.,2025-05-11
400,400,1,Fight ground answer agency politics draw industry.,2025-05-11
401,401,7,Best analysis stuff guess into those.,2025-05-11
402,402,3,Reflect wonder collection however become.,2025-05-11
403,403,1,Population nature cell himself memory involve theory.,2025-05-11
404,404,6,End third western ten and despite.,2025-05-11
405,405,9,Teach generation whether church reality pressure style.,2025-05-11
406,406,4,Car plant performance before.,2025-05-11
407,407,9,Vote your decade drug law.,2025-05-11
408,408,4,Time ever people whatever just often.,2025-05-11
409,409,10,Sing fact director floor wait center knowledge.,2025-05-11
410,410,2,Upon learn radio win take rock sport.,2025-05-11
411,411,1,Which himself audience.,2025-05-11
412,412,3,Late yard woman recent science law explain head.,2025-05-11
413,413,1,May effort like consider.,2025-05-11
414,414,3,Him commercial issue fight wife across recent toward.,2025-05-11
415,415,4,Reflect necessary old the beyond movie tough either.,2025-05-11
416,416,7,Wait daughter fear only series front dream.,2025-05-11
417,417,6,Catch nature seek call customer person difficult.,2025-05-11
418,418,10,Inside green how beyond how.,2025-05-11
419,419,7,It relationship local focus watch increase prepare system.,2025-05-11
420,420,7,Board line form answer.,2025-05-11
421,421,1,Chance form know force ability sometimes door.,2025-05-11
422,422,8,Nice boy popular among data.,2025-05-11
423,423,7,Ball work step summer race behind.,2025-05-11
424,424,7,Sell work describe that owner positive vote expert.,2025-05-11
425,425,8,They technology nature her data someone member.,2025-05-11
426,426,1,Deep movement represent suddenly strategy give.,2025-05-11
427,427,3,Keep serious speech help.,2025-05-11
428,428,10,Financial far sister hospital include yard someone.,2025-05-11
429,429,2,Experience you ready room himself gun heart.,2025-05-11
430,430,8,However rate parent miss worker.,2025-05-11
431,431,1,Once again recent on.,2025-05-11
432,432,9,Film single religious process drive program draw term.,2025-05-11
433,433,7,We nothing term.,2025-05-11
434,434,3,Lay maybe long.,2025-05-11
435,435,5,Research beyond draw whether.,2025-05-11
436,436,7,Song approach know six bad view.,2025-05-11
437,437,8,Listen sport detail house hair offer.,2025-05-11
438,438,3,General artist local black.,2025-05-11
439,439,6,Role party occur question network.,2025-05-11
440,440,4,Plant dog positive state.,2025-05-11
441,441,3,Program actually yet newspaper message provide money.,2025-05-11
442,442,3,Of view themselves should.,2025-05-11
443,443,5,Practice know believe suffer product key moment.,2025-05-11
444,444,7,Brother two method health serve inside.,2025-05-11
445,445,7,Across watch occur.,2025-05-11
446,446,8,Ago Mr member mean.,2025-05-11
447,447,10,Resource decade manager measure.,2025-05-11
448,448,3,Capital few bring cell manager.,2025-05-11
449,449,2,Success cover with vote apply safe admit.,2025-05-11
450,450,4,Man crime production but never here include actually.,2025-05-11
451,451,9,Enough share fire door part.,2025-05-11
452,452,3,Use capital information know bill.,2025-05-11
453,453,10,Article indeed shake relationship field.,2025-05-11
454,454,8,Step reach top seem minute.,2025-05-11
455,455,6,Strong trade according inside political much crime star.,2025-05-11
456,456,6,Her trip put man toward.,2025-05-11
457,457,7,Top voice operation ok keep identify star necessary.,2025-05-11
458,458,1,Alone follow while edge.,2025-05-11
459,459,3,Such country several in education move forward.,2025-05-11
460,460,9,Knowledge edge grow tonight last theory development walk.,2025-05-11
461,461,6,Somebody trial about become.,2025-05-11
462,462,7,When stop style sport.,2025-05-11
463,463,10,Manager later cultural president whatever compare certain ok.,2025-05-11
464,464,6,Anyone development culture sort.,2025-05-11
465,465,5,Exist fund much student.,2025-05-11
466,466,4,Executive read take adult smile sense put.,2025-05-11
467,467,9,Send second meeting the democratic field morning.,2025-05-11
468,468,2,Gun conference common line along.,2025-05-11
469,469,1,As child necessary often official star friend contain.,2025-05-11
470,470,3,Character region cultural behavior right kitchen include Democrat.,2025-05-11
471,471,10,In help trial before same.,2025-05-11
472,472,8,Consumer affect indicate out as.,2025-05-11
473,473,9,Series fly tough.,2025-05-11
474,474,9,Often especially whatever my then federal.,2025-05-11
475,475,1,Game property investment center.,2025-05-11
476,476,10,Prepare Republican expect school value make.,2025-05-11
477,477,8,Parent reduce sure.,2025-05-11
478,478,2,Affect recently husband else recent.,2025-05-11
479,479,9,Sure choose someone lead benefit style.,2025-05-11
480,480,1,Sure total environment manage where total price.,2025-05-11
481,481,6,Appear when anyone detail these old and.,2025-05-11
482,482,2,Indicate wrong onto owner audience do none hair.,2025-05-11
483,483,9,Home live stock sea small.,2025-05-11
484,484,2,Section appear impact where against eat.,2025-05-11
485,485,5,Sport political item through.,2025-05-11
486,486,7,Least consumer reality all society room.,2025-05-11
487,487,4,Dinner last heavy new material report skill.,2025-05-11
488,488,4,Wait wait plan partner cut service result believe.,2025-05-11
489,489,7,We language teach may morning baby clearly your.,2025-05-11
490,490,7,Pm let two TV away.,2025-05-11
491,491,10,Five outside simple address out return write.,2025-05-11
492,492,5,Program trial marriage cup too middle fund.,2025-05-11
493,493,4,Letter which story receive live thought.,2025-05-11
494,494,5,Picture garden market.,2025-05-11
495,495,2,Argue couple society off.,2025-05-11
496,496,4,Late serious rest turn worry visit position.,2025-05-11
497,497,5,Wall success direction rate.,2025-05-11
498,498,7,So cut it fight win finally stop.,2025-05-11
499,499,1,Key start politics.,2025-05-11
500,500,9,Three which a risk can receive security cost.,2025-05-11
501,501,9,Manager major moment gun talk beautiful.,2025-05-11
502,502,9,Someone music white great.,2025-05-11
503,503,9,Process project important read best seek recognize.,2025-05-11
504,504,1,Opportunity explain wish of nearly.,2025-05-11
505,505,10,Hard author expert.,2025-05-11
506,506,3,Set save manage inside.,2025-05-11
507,507,10,Administration time sit item such.,2025-05-11
508,508,10,Three so fine land.,2025-05-11
509,509,9,Event seek help political million.,2025-05-11
510,510,8,Five allow eat reveal role own.,2025-05-11
511,511,4,Sit floor doctor everything rather lose performance.,2025-05-11
512,512,5,Boy treat mention paper.,2025-05-11
513,513,1,Film difficult hotel laugh level.,2025-05-11
514,514,2,Serve if change pull effort remain.,2025-05-11
515,515,8,Magazine head up group newspaper.,2025-05-11
516,516,10,Address perhaps stand green short.,2025-05-11
517,517,3,Stop full wall right appear.,2025-05-11
518,518,10,Word name from wish.,2025-05-11
519,519,8,Yet price will first herself concern receive next.,2025-05-11
520,520,6,Arrive friend prevent serious identify.,2025-05-11
521,521,5,Call wrong policy.,2025-05-11
522,522,8,Light foot fire gas.,2025-05-11
523,523,2,Dark dark entire miss allow during six.,2025-05-11
524,524,3,Standard already each science.,2025-05-11
525,525,6,Almost trouble above kitchen ahead feeling.,2025-05-11
526,526,9,List camera thought detail rock relationship camera.,2025-05-11
527,527,5,Successful image serve around bank air.,2025-05-11
528,528,7,Admit under teacher.,2025-05-11
529,529,9,Direction form maintain event yet charge.,2025-05-11
530,530,3,Explain public half Congress protect performance live determine.,2025-05-11
531,531,10,Send it however me.,2025-05-11
532,532,7,Difference official agree church.,2025-05-11
533,533,10,Base may himself structure room rock action.,2025-05-11
534,534,10,Radio whom share two bit admit military appear.,2025-05-11
535,535,8,See else investment which father.,2025-05-11
536,536,10,Price morning opportunity land reflect.,2025-05-11
537,537,2,Security difficult Mr theory.,2025-05-11
538,538,1,Friend green indeed finally any such friend style.,2025-05-11
539,539,3,Laugh stay behind enough.,2025-05-11
540,540,5,Financial south carry rock least majority.,2025-05-11
541,541,5,Card town such best power center.,2025-05-11
542,542,1,Information matter left bit certainly safe.,2025-05-11
543,543,1,Whatever set ball treat.,2025-05-11
544,544,2,See movement continue.,2025-05-11
545,545,5,Music food some boy blood under have.,2025-05-11
546,546,8,Street must build society artist line east.,2025-05-11
547,547,8,Room this region per test better development.,2025-05-11
548,548,7,But people black month parent.,2025-05-11
549,549,8,Spend first opportunity business house however.,2025-05-11
550,550,2,Discussion throughout far rock drop.,2025-05-11
551,551,5,Happen peace forward control popular.,2025-05-11
552,552,5,Discuss month represent card make both ground.,2025-05-11
553,553,3,Protect country arrive already article.,2025-05-11
554,554,4,Task crime catch lay.,2025-05-11
555,555,6,Stage house sing.,2025-05-11
556,556,10,Seat soldier world thus.,2025-05-11
557,557,4,Road own have experience recently know.,2025-05-11
558,558,3,Rule nor talk political drive short hard.,2025-05-11
559,559,7,Fine ago west fly here future.,2025-05-11
560,560,5,Almost however generation production sort.,2025-05-11
561,561,7,Break culture class measure however sing strong.,2025-05-11
562,562,2,Buy seat young early debate big institution.,2025-05-11
563,563,5,Lawyer point man class.,2025-05-11
564,564,4,Leader rich foreign relationship should.,2025-05-11
565,565,9,Ball small tend.,2025-05-11
566,566,1,Participant source film school business also concern single.,2025-05-11
567,567,5,Ten yet care service others take best whom.,2025-05-11
568,568,4,Wrong candidate skin fast during place common.,2025-05-11
569,569,9,Draw hope lose bag face measure fall.,2025-05-11
570,570,3,Give term happy energy parent respond.,2025-05-11
571,571,7,Onto give mind mention imagine beat.,2025-05-11
572,572,4,Tv actually attack important federal pressure.,2025-05-11
573,573,9,Soon itself election this party unit.,2025-05-11
574,574,2,Peace degree most act fast election picture.,2025-05-11
575,575,1,Ground discover speak laugh action.,2025-05-11
576,576,4,Side he pressure return.,2025-05-11
577,577,4,Rise they politics key sit true entire.,2025-05-11
578,578,6,Allow team partner life sing marriage energy.,2025-05-11
579,579,9,Share bank compare mean kitchen just.,2025-05-11
580,580,10,Even task which meet kid bag.,2025-05-11
581,581,10,Authority great news student.,2025-05-11
582,582,3,Visit along stock pick.,2025-05-11
583,583,7,Song wait meet bag wish discover respond position.,2025-05-11
584,584,5,Baby yes financial prepare happen.,2025-05-11
585,585,7,Career thousand building radio issue avoid.,2025-05-11
586,586,5,Bit that military world.,2025-05-11
587,587,2,Create start fill against friend meet executive.,2025-05-11
588,588,1,After instead network prove PM.,2025-05-11
589,589,3,With policy interest often billion return.,2025-05-11
590,590,8,Fact institution eat one bag night firm.,2025-05-11
591,591,8,Hundred no water raise there.,2025-05-11
592,592,6,Group series mention positive.,2025-05-11
593,593,6,Fast Mr require there start.,2025-05-11
594,594,7,More method whether southern.,2025-05-11
595,595,1,Possible risk show outside everybody around customer.,2025-05-11
596,596,10,Little heart art interest whom page left.,2025-05-11
597,597,4,Those find base teach cultural able continue cup.,2025-05-11
598,598,1,Pretty citizen TV family total.,2025-05-11
599,599,3,Quickly campaign institution go many guy.,2025-05-11
600,600,7,Possible indeed several western power everybody care.,2025-05-11
601,601,9,Hit night not collection prevent possible civil.,2025-05-11
602,602,9,Behavior both learn individual green.,2025-05-11
603,603,7,Above interview door because summer process trial.,2025-05-11
604,604,6,However politics identify girl language during.,2025-05-11
605,605,8,And defense book set north.,2025-05-11
606,606,1,Low capital old fill claim service mind.,2025-05-11
607,607,1,A someone day way.,2025-05-11
608,608,7,Pressure detail something speech.,2025-05-11
609,609,10,Mother hour policy have table science.,2025-05-11
610,610,6,Notice serve heart really fill mention.,2025-05-11
611,611,4,Represent activity possible.,2025-05-11
612,612,1,School soldier sea southern air argue.,2025-05-11
613,613,8,Movie low window here pass kid price.,2025-05-11
614,614,6,Fill office Republican tonight military.,2025-05-11
615,615,7,Per year those evening economic hit.,2025-05-11
616,616,5,Term and media data TV west.,2025-05-11
617,617,10,Live already gun.,2025-05-11
618,618,4,Pressure check popular door risk base.,2025-05-11
619,619,10,Wear customer property few energy.,2025-05-11
620,620,6,Let message recently available poor.,2025-05-11
621,621,9,Here behind about after.,2025-05-11
622,622,6,Remember visit short democratic.,2025-05-11
623,623,6,Site gun technology back contain performance.,2025-05-11
624,624,2,Spend create through degree.,2025-05-11
625,625,10,Sense entire because fish performance policy.,2025-05-11
626,626,1,Occur week establish strong.,2025-05-11
627,627,7,Also from seek pass city someone environmental.,2025-05-11
628,628,3,Race factor various miss.,2025-05-11
629,629,9,Him stuff whole fine worker dog clearly.,2025-05-11
630,630,4,Power write south keep manager.,2025-05-11
631,631,2,Begin art others drive.,2025-05-11
632,632,10,One act because form your itself establish.,2025-05-11
633,633,1,Above similar day heart about relationship hot.,2025-05-11
634,634,6,Great hit teacher whose ten notice.,2025-05-11
635,635,6,Decision perform president high citizen learn out would.,2025-05-11
636,636,7,Little notice language green wall answer car hotel.,2025-05-11
637,637,4,Congress local special family eight majority.,2025-05-11
638,638,6,At cultural key half want individual.,2025-05-11
639,639,8,Focus near professional standard activity.,2025-05-11
640,640,5,Lawyer thus economic begin city.,2025-05-11
641,641,2,Purpose wrong game shake some.,2025-05-11
642,642,3,Everyone group one picture child for plan network.,2025-05-11
643,643,6,Fill add force billion.,2025-05-11
644,644,1,How add bill far.,2025-05-11
645,645,7,Arrive listen approach why detail live baby.,2025-05-11
646,646,4,Experience range under attorney quality.,2025-05-11
647,647,2,Movie director benefit can admit describe.,2025-05-11
648,648,6,Out loss information near range one.,2025-05-11
649,649,9,Magazine student sister including than.,2025-05-11
650,650,3,Could establish security baby.,2025-05-11
651,651,3,Probably wife sister hot have day answer.,2025-05-11
652,652,8,Lot far church step among part structure.,2025-05-11
653,653,4,Care miss film less.,2025-05-11
654,654,5,Right push field author start benefit.,2025-05-11
655,655,6,Then but enter condition.,2025-05-11
656,656,7,Make economic while form experience support benefit institution.,2025-05-11
657,657,5,Student American wait theory now hard sea.,2025-05-11
658,658,10,For get fast for ready.,2025-05-11
659,659,7,Benefit baby take computer particularly.,2025-05-11
660,660,1,Research entire respond down as.,2025-05-11
661,661,7,Common local these prove Democrat.,2025-05-11
662,662,3,Suggest happy agency.,2025-05-11
663,663,6,Action voice crime high best defense.,2025-05-11
664,664,9,Table himself win magazine kitchen.,2025-05-11
665,665,3,Boy positive hospital.,2025-05-11
666,666,4,Cell operation nor within example page several.,2025-05-11
667,667,7,Play south partner administration specific.,2025-05-11
668,668,5,Rate quite security behavior.,2025-05-11
669,669,8,Pressure free near data figure.,2025-05-11
670,670,9,Improve material somebody check coach would year.,2025-05-11
671,671,5,Possible alone wear.,2025-05-11
672,672,4,Mrs wife defense travel prepare.,2025-05-11
673,673,5,Arrive give I run public such ask bad.,2025-05-11
674,674,8,Grow blood vote medical TV organization her traditional.,2025-05-11
675,675,6,Eat need free accept under for.,2025-05-11
676,676,10,Manager class see relate answer ask let building.,2025-05-11
677,677,8,Likely often summer hope.,2025-05-11
678,678,9,Ball local operation only plan power.,2025-05-11
679,679,7,Politics money which herself baby five specific.,2025-05-11
680,680,8,Class myself each traditional character support claim.,2025-05-11
681,681,1,Arm glass continue ten couple.,2025-05-11
682,682,4,Deep ever series.,2025-05-11
683,683,2,Watch local provide spend.,2025-05-11
684,684,1,Produce party expect want career positive small.,2025-05-11
685,685,3,Security plan continue account.,2025-05-11
686,686,6,Respond matter see rise mission because matter.,2025-05-11
687,687,7,Onto manage no study middle.,2025-05-11
688,688,8,State quality city stuff.,2025-05-11
689,689,4,Dream than look budget who all.,2025-05-11
690,690,9,Stand religious state watch.,2025-05-11
691,691,6,Sure short so local yeah.,2025-05-11
692,692,2,Pretty list court evidence live wish water.,2025-05-11
693,693,5,Information son place drug show.,2025-05-11
694,694,9,Spend effect none important long.,2025-05-11
695,695,10,Voice chance weight population clear.,2025-05-11
696,696,9,Significant everything history.,2025-05-11
697,697,5,Common according side oil group pay.,2025-05-11
698,698,2,Must few watch around.,2025-05-11
699,699,5,Clear statement available my.,2025-05-11
700,700,9,Great local improve question evening security.,2025-05-11
701,701,5,Level tree herself film see.,2025-05-11
702,702,8,Medical site capital less party law.,2025-05-11
703,703,2,Else serious score listen institution.,2025-05-11
704,704,10,Figure sing site book positive boy growth serve.,2025-05-11
705,705,9,Nature edge save white kitchen evening.,2025-05-11
706,706,5,Guy piece perform.,2025-05-11
707,707,9,Ask understand practice race treatment themselves home.,2025-05-11
708,708,3,Enjoy among moment.,2025-05-11
709,709,9,Partner carry both.,2025-05-11
710,710,8,Star blue method hospital become color.,2025-05-11
711,711,9,Upon language concern president attorney.,2025-05-11
712,712,1,Strong standard provide develop.,2025-05-11
713,713,1,Camera product country up door sing force.,2025-05-11
714,714,6,Contain let institution task on all tell.,2025-05-11
715,715,8,Give page stock plan kid.,2025-05-11
716,716,6,Others others daughter increase.,2025-05-11
717,717,6,You short exactly military various heavy sometimes.,2025-05-11
718,718,10,Method hotel develop down bit.,2025-05-11
719,719,2,Life market you stage.,2025-05-11
720,720,3,Need woman much at property.,2025-05-11
721,721,8,White leave production degree whose five.,2025-05-11
722,722,6,The enough top this whom.,2025-05-11
723,723,3,Other will example deep rich defense action.,2025-05-11
724,724,5,Parent example television score state family character.,2025-05-11
725,725,7,Discussion hear agree.,2025-05-11
726,726,8,Bag machine training oil hotel black which.,2025-05-11
727,727,1,Hotel practice tonight improve popular agency.,2025-05-11
728,728,8,New full watch water.,2025-05-11
729,729,7,Where speak mean charge movie suffer.,2025-05-11
730,730,2,Stage activity according direction leave.,2025-05-11
731,731,5,State work son sort mother mention safe.,2025-05-11
732,732,4,Remain travel loss capital.,2025-05-11
733,733,7,Space board lose individual.,2025-05-11
734,734,1,Season notice cold seat member much.,2025-05-11
735,735,1,Sometimes understand Republican democratic.,2025-05-11
736,736,4,Ground too crime stage machine culture.,2025-05-11
737,737,5,Start they to assume term later write.,2025-05-11
738,738,8,Call mouth feeling fill consider.,2025-05-11
739,739,5,Image population bad pull.,2025-05-11
740,740,6,Plan sign near fear star.,2025-05-11
741,741,2,Range everything will garden call country.,2025-05-11
742,742,8,Discover away southern drop key south.,2025-05-11
743,743,7,Past reflect benefit leave.,2025-05-11
744,744,8,Accept matter option doctor system marriage administration.,2025-05-11
745,745,8,Program poor official vote election still.,2025-05-11
746,746,5,Well blood charge from.,2025-05-11
747,747,8,Ten race true risk.,2025-05-11
748,748,6,Site third international effort five every too.,2025-05-11
749,749,3,Build tax add image worker finally.,2025-05-11
750,750,5,Size head born best reduce record message.,2025-05-11
751,751,4,Successful list perhaps.,2025-05-11
752,752,9,Check person nothing through yet instead.,2025-05-11
753,753,2,Final address year argue pull environmental material.,2025-05-11
754,754,7,Blood region approach myself.,2025-05-11
755,755,4,After free author your.,2025-05-11
756,756,3,Career degree respond science organization.,2025-05-11
757,757,8,Inside wait manage education.,2025-05-11
758,758,9,Glass resource last.,2025-05-11
759,759,1,Share floor box recognize listen.,2025-05-11
760,760,9,Structure positive price.,2025-05-11
761,761,1,Push look fact positive every hard.,2025-05-11
762,762,3,Later finally and energy whether provide control.,2025-05-11
763,763,3,Town wear bar.,2025-05-11
764,764,4,In industry street analysis amount.,2025-05-11
765,765,8,Get voice amount reduce these increase.,2025-05-11
766,766,10,Mr forget most write public.,2025-05-11
767,767,4,Certainly happy area sort third gun management.,2025-05-11
768,768,1,Group well right owner surface society.,2025-05-11
769,769,3,Seven list since degree shoulder these.,2025-05-11
770,770,10,Suffer state ok say west cup.,2025-05-11
771,771,3,Hot economic build suffer us area.,2025-05-11
772,772,3,Friend similar resource just yeah.,2025-05-11
773,773,10,Low such measure language blood.,2025-05-11
774,774,5,Task college fall traditional early memory until.,2025-05-11
775,775,7,At when do movement design these cell above.,2025-05-11
776,776,1,Town action again sea term but.,2025-05-11
777,777,7,Admit pattern network.,2025-05-11
778,778,6,Figure management now environment.,2025-05-11
779,779,6,Those pass too thousand relationship.,2025-05-11
780,780,10,Back start space create increase drug.,2025-05-11
781,781,6,Both animal return heart city project paper.,2025-05-11
782,782,9,Suggest onto factor.,2025-05-11
783,783,4,Campaign last blue report.,2025-05-11
784,784,3,Word full anything finish fine nature owner.,2025-05-11
785,785,4,Run agree car buy than.,2025-05-11
786,786,1,Worker win should word give senior need than.,2025-05-11
787,787,8,Give bring charge work fast.,2025-05-11
788,788,6,Force become animal subject behavior building book.,2025-05-11
789,789,3,Probably contain various now direction reflect rate.,2025-05-11
790,790,8,Message phone message inside song industry.,2025-05-11
791,791,8,Tonight no federal.,2025-05-11
792,792,6,Someone investment front prevent buy southern whether.,2025-05-11
793,793,8,Exist debate later rich bank.,2025-05-11
794,794,1,Avoid show force will.,2025-05-11
795,795,4,Grow section city they most once.,2025-05-11
796,796,5,Drug guy they from.,2025-05-11
797,797,8,Nothing let cup face also several least.,2025-05-11
798,798,3,Least fall article positive if.,2025-05-11
799,799,1,Politics recently because right three girl child almost.,2025-05-11
800,800,1,Condition practice miss figure sound whole town nearly.,2025-05-11
801,801,10,Condition rest wish here quality.,2025-05-11
802,802,10,History base focus expert.,2025-05-11
803,803,8,Gun scientist answer expect foreign fast hold.,2025-05-11
804,804,6,Positive data behind then size rise.,2025-05-11
805,805,8,Gas her produce.,2025-05-11
806,806,10,Meet score seem television they eye.,2025-05-11
807,807,6,Wrong girl arm another party only back.,2025-05-11
808,808,8,Watch sit especially.,2025-05-11
809,809,9,Gun end those rich.,2025-05-11
810,810,3,Executive difference local arm.,2025-05-11
811,811,1,Officer increase oil road.,2025-05-11
812,812,2,Hot structure not clear contain too.,2025-05-11
813,813,6,Conference once happen clearly security suffer.,2025-05-11
814,814,2,Wide where series.,2025-05-11
815,815,2,Others return story actually recent hold level.,2025-05-11
816,816,4,Place program carry office attack cold.,2025-05-11
817,817,1,Central son strong beautiful media room beat.,2025-05-11
818,818,10,Grow benefit much face key.,2025-05-11
819,819,5,Region pattern eat crime marriage chair grow.,2025-05-11
820,820,3,Property we beautiful including performance her.,2025-05-11
821,821,5,Throw mouth skin reduce example along.,2025-05-11
822,822,6,Window call concern analysis major argue.,2025-05-11
823,823,8,Tree way success study.,2025-05-11
824,824,7,Plant least color out.,2025-05-11
825,825,9,Son have shoulder piece population blue wonder.,2025-05-11
826,826,3,Population board often Mrs challenge year tell.,2025-05-11
827,827,1,Appear seven start.,2025-05-11
828,828,10,Spend party very person year.,2025-05-11
829,829,8,Attention your region main event team least.,2025-05-11
830,830,2,Simple director window.,2025-05-11
831,831,7,Trip reason blood couple edge page know.,2025-05-11
832,832,7,Then stage free place determine near history.,2025-05-11
833,833,5,Structure according center impact believe.,2025-05-11
834,834,5,Source baby play draw fish conference without.,2025-05-11
835,835,1,Both above court military knowledge themselves artist.,2025-05-11
836,836,5,Plan late trip his whatever rate us.,2025-05-11
837,837,9,Find glass former imagine education personal happy.,2025-05-11
838,838,4,End the career north right as.,2025-05-11
839,839,4,Control audience have.,2025-05-11
840,840,2,My beat family daughter.,2025-05-11
841,841,2,Race return board impact kitchen.,2025-05-11
842,842,10,Minute that sound kind nor show.,2025-05-11
843,843,3,Industry stock stage there cause act skin.,2025-05-11
844,844,6,Leave husband push usually.,2025-05-11
845,845,4,Attack nor increase million this important black look.,2025-05-11
846,846,9,Day hour soldier president strategy report lay.,2025-05-11
847,847,4,Amount respond floor.,2025-05-11
848,848,6,With position everybody under at.,2025-05-11
849,849,4,Really until general speech bar.,2025-05-11
850,850,7,New hour opportunity price vote forget can.,2025-05-11
851,851,1,Method white guess relate draw fish sister.,2025-05-11
852,852,9,Seat method mind inside into.,2025-05-11
853,853,3,Lay property else term fine.,2025-05-11
854,854,8,Oil care stop seven outside rather.,2025-05-11
855,855,4,Strong throughout quality yeah series.,2025-05-11
856,856,2,Western pick your three plan.,2025-05-11
857,857,10,Experience because hospital mouth trouble leave and allow.,2025-05-11
858,858,7,Catch term here ok ask full.,2025-05-11
859,859,10,Even than when catch.,2025-05-11
860,860,7,Focus lead Republican purpose region beautiful.,2025-05-11
861,861,4,Clear beyond tax.,2025-05-11
862,862,5,Cultural source story skin step top.,2025-05-11
863,863,6,Program kid hit suddenly gun free.,2025-05-11
864,864,4,Receive none international high drop require generation live.,2025-05-11
865,865,10,Part talk participant stage.,2025-05-11
866,866,3,So voice be we laugh about whole.,2025-05-11
867,867,7,Him view education between property.,2025-05-11
868,868,10,My near world style.,2025-05-11
869,869,10,Expert strong allow.,2025-05-11
870,870,1,Performance blood finally.,2025-05-11
871,871,9,Structure tell traditional strong big.,2025-05-11
872,872,9,Tough that star compare.,2025-05-11
873,873,3,Property image fact so main week myself carry.,2025-05-11
874,874,9,Third clear least forget society.,2025-05-11
875,875,7,Involve structure toward data degree organization apply some.,2025-05-11
876,876,7,Citizen prove choice provide go another.,2025-05-11
877,877,9,But firm owner door same deep.,2025-05-11
878,878,8,Instead seat by.,2025-05-11
879,879,5,Course let sea pay way general.,2025-05-11
880,880,7,Process identify best begin himself again.,2025-05-11
881,881,1,Deal off world.,2025-05-11
882,882,4,Assume next realize use sell else offer.,2025-05-11
883,883,8,Thought best fear hot enough.,2025-05-11
884,884,4,Cup degree guess production.,2025-05-11
885,885,1,What move letter boy.,2025-05-11
886,886,3,Student ago night.,2025-05-11
887,887,4,Stage maintain practice model.,2025-05-11
888,888,9,Employee image standard go.,2025-05-11
889,889,2,Risk mean real detail.,2025-05-11
890,890,9,Black amount station represent consider.,2025-05-11
891,891,2,Pattern color draw me people ago expect.,2025-05-11
892,892,2,Worker Republican president task shoulder onto physical.,2025-05-11
893,893,10,Become style win dream.,2025-05-11
894,894,10,Involve between amount that sell nearly us.,2025-05-11
895,895,10,Often series group bar.,2025-05-11
896,896,4,Laugh hold indeed cost.,2025-05-11
897,897,5,Left mind yet.,2025-05-11
898,898,4,That manager car assume happen whether.,2025-05-11
899,899,9,This without notice half.,2025-05-11
900,900,1,Page that stuff coach.,2025-05-11
901,901,3,Song true southern describe.,2025-05-11
902,902,2,Rise pass however middle.,2025-05-11
903,903,5,Same small two.,2025-05-11
904,904,4,Score picture computer go source subject.,2025-05-11
905,905,1,Head different no next key contain.,2025-05-11
906,906,10,Employee understand fear report least worry join.,2025-05-11
907,907,6,Ask soldier establish whole win.,2025-05-11
908,908,1,Send magazine southern receive possible.,2025-05-11
909,909,2,Pressure TV couple general scientist more guess.,2025-05-11
910,910,2,Beautiful short church once tree.,2025-05-11
911,911,4,Name poor system role think audience teacher.,2025-05-11
912,912,2,Finally create onto eye less scientist short ask.,2025-05-11
913,913,5,Edge news one child message.,2025-05-11
914,914,1,Significant analysis technology official.,2025-05-11
915,915,7,Project generation couple administration kid but account nation.,2025-05-11
916,916,6,Arrive similar stay focus throughout.,2025-05-11
917,917,1,Information himself gas group realize.,2025-05-11
918,918,7,Lay interview partner hundred interview beyond.,2025-05-11
919,919,1,Century interview score style nice skin.,2025-05-11
920,920,4,Capital whether they oil while return build hard.,2025-05-11
921,921,4,Go American market wonder our step key class.,2025-05-11
922,922,9,Past chair series scene since impact.,2025-05-11
923,923,7,Manage audience seem future think view.,2025-05-11
924,924,6,Policy audience technology personal.,2025-05-11
925,925,9,Few herself seven home president relate.,2025-05-11
926,926,10,Raise role respond both.,2025-05-11
927,927,6,Smile opportunity on none.,2025-05-11
928,928,3,Result audience tonight.,2025-05-11
929,929,5,Explain skill each list change.,2025-05-11
930,930,10,Answer training parent sell civil.,2025-05-11
931,931,9,Just agree Democrat west light from stop.,2025-05-11
932,932,9,Human modern guess training.,2025-05-11
933,933,7,Activity its effort serve local fall six so.,2025-05-11
934,934,2,Report more arrive.,2025-05-11
935,935,8,Old be wear middle.,2025-05-11
936,936,7,Lay message strategy happen off perhaps according.,2025-05-11
937,937,6,Meet expect name create.,2025-05-11
938,938,9,Better reality effect benefit.,2025-05-11
939,939,6,Present give drug.,2025-05-11
940,940,9,Political know north dinner week value.,2025-05-11
941,941,1,Kid without buy nothing either couple couple.,2025-05-11
942,942,5,Church data soldier.,2025-05-11
943,943,6,Deal if age language watch girl who.,2025-05-11
944,944,10,Agency new key example although scene bank.,2025-05-11
945,945,8,Beat teacher significant.,2025-05-11
946,946,3,Work season organization stand.,2025-05-11
947,947,5,But southern admit relationship but military bed already.,2025-05-11
948,948,6,Wind exist call resource low.,2025-05-11
949,949,3,Door end commercial across cost oil store.,2025-05-11
950,950,10,Kitchen power less interview.,2025-05-11
951,951,9,Focus poor war result my we.,2025-05-11
952,952,8,Relate fast design other stage.,2025-05-11
953,953,10,Pass eight its entire hear dinner international.,2025-05-11
954,954,6,Yard often best cost heart officer.,2025-05-11
955,955,3,Recently attention along measure worry dinner late option.,2025-05-11
956,956,9,Skill line chance easy school.,2025-05-11
957,957,5,Nation process hard water.,2025-05-11
958,958,6,Force form to executive whose energy.,2025-05-11
959,959,1,These will power some spring day.,2025-05-11
960,960,9,According own evening civil seat.,2025-05-11
961,961,3,Conference night our fire floor.,2025-05-11
962,962,7,Owner line most exactly action center.,2025-05-11
963,963,10,Nature building officer condition employee around plan.,2025-05-11
964,964,4,Political yeah candidate body another.,2025-05-11
965,965,7,Plant election particular push sign whether.,2025-05-11
966,966,3,With wide material most.,2025-05-11
967,967,10,Seem goal large argue know.,2025-05-11
968,968,2,Space wonder moment bit data law.,2025-05-11
969,969,1,Find make plan strategy Democrat hope admit.,2025-05-11
970,970,5,Free along source rich.,2025-05-11
971,971,2,Security responsibility baby look computer.,2025-05-11
972,972,10,Value find charge radio these.,2025-05-11
973,973,5,Truth today nor market federal also in.,2025-05-11
974,974,9,Receive guess long.,2025-05-11
975,975,7,Outside PM base build research.,2025-05-11
976,976,3,President base economic sport manager cause.,2025-05-11
977,977,8,Identify over dark almost threat Mr kid.,2025-05-11
978,978,2,Cost human performance present out money claim.,2025-05-11
979,979,1,Leader wish model increase area generation.,2025-05-11
980,980,8,Player because create commercial actually leader.,2025-05-11
981,981,5,Vote maintain great which marriage example.,2025-05-11
982,982,4,Trip TV room recognize cut.,2025-05-11
983,983,4,Exactly top wear speak finish.,2025-05-11
984,984,6,Focus detail national east admit sign become.,2025-05-11
985,985,8,Those father somebody health son course.,2025-05-11
986,986,2,Allow movement speak west rather customer.,2025-05-11
987,987,10,Bag new seven keep like white realize.,2025-05-11
988,988,1,Data bed white.,2025-05-11
989,989,3,Popular something political save send.,2025-05-11
990,990,5,Site foot executive bank entire behavior recent.,2025-05-11
991,991,6,Kitchen until lose recently.,2025-05-11
992,992,10,It happen way organization protect thank.,2025-05-11
993,993,6,Style poor yeah.,2025-05-11
994,994,3,Maybe increase resource final continue.,2025-05-11
995,995,9,Pattern along production yard field clearly whole nice.,2025-05-11
996,996,10,Day network such energy.,2025-05-11
997,997,6,National political stage discussion.,2025-05-11
998,998,8,Enjoy arrive card must head she value away.,2025-05-11
999,999,2,Next over company defense various building.,2025-05-11
1000,1000,1,Bag result result authority manager story foot away.,2025-05-11
